gen	allele	freq
0	1	7.500000000000003e-05
1	1	0.00013620000000000003
2	1	0.00022040000000000004
3	1	0.0002904000000000001
4	1	0.00034480000000000003
5	1	0.00040040000000000014
6	1	0.00048080000000000003
7	1	0.0005734
8	1	0.0006434000000000001
9	1	0.000683
0	0	0.999925
1	0	0.9998638
2	0	0.9997796
3	0	0.9997096
4	0	0.9996552
5	0	0.9995996
6	0	0.9995192
7	0	0.9994266
8	0	0.9993566
9	0	0.999317
