gen	allele	freq
0	1	0.0003134000000000001
1	1	0.0006146000000000002
2	1	0.0008985999999999997
3	1	0.001204
4	1	0.0014848
5	1	0.0018151999999999999
6	1	0.0021076000000000007
7	1	0.0023530000000000005
8	1	0.0026808000000000005
9	1	0.0030276
0	0	0.9996866
1	0	0.9993854
2	0	0.9991014
3	0	0.998796
4	0	0.9985152
5	0	0.9981848
6	0	0.9978924
7	0	0.997647
8	0	0.9973192
9	0	0.9969724
