gen	allele	freq
0	1	0.0003042
1	1	0.0006018
2	1	0.0009268
3	1	0.0012146000000000004
4	1	0.0015194000000000002
5	1	0.0018123999999999994
6	1	0.0021383999999999995
7	1	0.0024411999999999997
8	1	0.0027411999999999996
9	1	0.0030296
0	0	0.9996958
1	0	0.9993982
2	0	0.9990732
3	0	0.9987854
4	0	0.9984806
5	0	0.9981876
6	0	0.9978616
7	0	0.9975588
8	0	0.9972588
9	0	0.9969704
