gen	allele	freq
0	1	0.0010129999999999998
1	1	0.0020009999999999993
2	1	0.0030074
3	1	0.0040496
4	1	0.005081
5	1	0.006066199999999999
6	1	0.0070339999999999995
7	1	0.0080772
8	1	0.009047200000000002
9	1	0.010108999999999996
0	0	0.998987
1	0	0.997999
2	0	0.9969926
3	0	0.9959504
4	0	0.994919
5	0	0.9939338
6	0	0.992966
7	0	0.9919228
8	0	0.9909528
9	0	0.989891
