gen	allele	freq
0	1	0.0
1	1	6.000000000000001e-07
2	1	0.0
3	1	6.000000000000001e-07
4	1	2.2e-06
5	1	1.6000000000000001e-06
6	1	1.2e-06
7	1	1.6000000000000001e-06
8	1	2.6000000000000005e-06
9	1	2e-06
0	0	1.0
1	0	0.9999994
2	0	1.0
3	0	0.9999994
4	0	0.9999978
5	0	0.9999984
6	0	0.9999988
7	0	0.9999984
8	0	0.9999974
9	0	0.999998
